{
  "conference": {
    "menus": {
      "topsmall": [
        {
          "label": "ACM",
          "link": "https://www.acm.org",
          "sub-menu": []
        },
        {
          "label": "ACM SIGNN",
          "link": "/acm-management",
          "sub-menu": []
        }
      ],
      "primary": [
        {
          "label": "About Us",
          "link": "/about-us",
          "sub-menu": []
        },
        {
          "label": "For Attendees",
          "link": "/for-attendees",
          "sub-menu": []
        },
        {
          "label": "For Submitters",
          "link": "/for-submitters",
          "sub-menu": []
        },
        {
          "label": "For Exhibitors",
          "link": "/for-exhibitors",
          "sub-menu": []
        },
        {
          "label": "For Sponsors",
          "link": "/for-sponsors",
          "sub-menu": []
        },

        {
          "label": "Register",
          "link": "/register",
          "sub-menu": []
        }
      ],
      "secondary": [
        {
          "label": "Submissions",
          "link": "/submissions",
          "sub-menu": []
        },
        {
          "label": "Volunteer",
          "link": "/volunteer",
          "sub-menu": []
        },
        {
          "label": "Register",
          "link": "/register",
          "sub-menu": []
        }
      ]
    }
  },
  "sig": {
    "menus": {
      "topsmall": [
        {
          "label": "ACM",
          "link": "https://www.acm.org",
          "sub-menu": []
        },
        {
          "label": "ACM DL",
          "link": "https://dl.acm.org",
          "sub-menu": []
        }
      ],
      "primary": [
        {
          "label": "About Us",
          "link": "/about-us",
          "sub-menu": [
            {
              "label": "Leadership",
              "link": "/about-us/leadership"
            },
            {
              "label": "Awards",
              "link": "/about-us/awards"
            },
            {
              "label": "Policies",
              "link": "/about-us/policies"
            },
            {
              "label": "Contact",
              "link": "/about-us/contact"
            }
          ]
        },
        {
          "label": "Get Involved",
          "link": "/get-involved",
          "sub-menu": [
            {
              "label": "Membership",
              "link": "/get-involved/membership"
            },
            {
              "label": "Volunteer",
              "link": "/get-involved/volunteer"
            },
            {
              "label": "Join a Local Chapter",
              "link": "/get-involved/join-a-local-chapter"
            },
            {
              "label": "Community",
              "link": "/get-involved/community"
            },
            {
              "label": "Elections",
              "link": "/get-involved/elections"
            }
          ]
        },
        {
          "label": "People",
          "link": "/people",
          "sub-menu": [
            {
              "label": "Award Recipients",
              "link": "/people/award-recipients"
            },
            {
              "label": "Volunteer Spotlight",
              "link": "/people/volunteer-spotlight"
            },
            {
              "label": "Committees",
              "link": "/people/committees"
            }
          ]
        },
        {
          "label": "Conferences",
          "link": "/conferences",
          "sub-menu": [
            {
              "label": "Calendar of Upcoming Conferences",
              "link": "/conferences/calendar-of-upcoming-conferences"
            },
            {
              "label": "Calendar of Submission Deadlines",
              "link": "/conferences/calendar-of-submission-deadlines"
            },
            {
              "label": "Calls for Participation",
              "link": "/conferences/calls-for-participation"
            },
            {
              "label": "Student Travel Grants",
              "link": "/conferences/student-travel-grants"
            },
            {
              "label": "Organizer Resources",
              "link": "/conferences/organizer-resources"
            },
            {
              "label": "Inclusivity Policies",
              "link": "/conferences/inclusivity-policies"
            }
          ]
        },
        {
          "label": "Publications",
          "link": "/publications",
          "sub-menu": [
            {
              "label": "Open Access Conference Proceedings",
              "link": "/publications/open-access-conference-proceedings"
            },
            {
              "label": "ACM DL SIG page",
              "link": "/publications/acm-dl-sig-page"
            },
            {
              "label": "Newsletter",
              "link": "/publications/newsletter"
            },
            {
              "label": "Sponsored Journal",
              "link": "/publications/sponsored-journal"
            }
          ]
        },
        {
          "label": "Resources",
          "link": "/resources",
          "sub-menu": []
        }
      ],
      "secondary": [
        {
          "label": "Volunteer",
          "link": "/volunteer",
          "sub-menu": []
        },
        {
          "label": "Chapters",
          "link": "/chapters",
          "sub-menu": []
        },
        {
          "label": "Join",
          "link": "/join",
          "sub-menu": []
        }
      ]
    }
  },
  "chapter": {
    "menus": {
      "topsmall": [
        {
          "label": "ACM",
          "link": "https://www.acm.org",
          "sub-menu": []
        },
        {
          "label": "SIG",
          "link": "https://www.acm.org/special-interest-groups",
          "sub-menu": []
        }
      ],
      "primary": [
        {
          "label": "About Us",
          "link": "/about-us",
          "sub-menu": [
            {
              "label": "Purpose",
              "link": "/about-us/purpose"
            },
            {
              "label": "Officers",
              "link": "/about-us/officers"
            }
          ]
        },
        {
          "label": "Events",
          "link": "/events",
          "sub-menu": [
            {
              "label": "Upcoming",
              "link": "/events/upcoming"
            },
            {
              "label": "Past",
              "link": "/events/past"
            },
            {
              "label": "Other organizations",
              "link": "/events/other-organizations"
            }
          ]
        },
        {
          "label": "Resources",
          "link": "/resources",
          "sub-menu": []
        },
        {
          "label": "Contact",
          "link": "/contact",
          "sub-menu": []
        },
        {
          "label": "News",
          "link": "/news",
          "sub-menu": []
        }
      ],
      "secondary": [
        {
          "label": "Volunteer",
          "link": "/volunteer",
          "sub-menu": []
        },
        {
          "label": "Join",
          "link": "/join",
          "sub-menu": []
        }
      ]
    }
  }
}
