<?xml version="1.0"?>
<ruleset name="ACM custom standard 2022">
 <description>Extending line length from 80 to 120 characters</description>

<!-- Include the whole PHPCS standards installed -->
 <!-- <rule ref="MySource"/> -->
 <!-- <rule ref="PEAR"/> -->
 <!-- <rule ref="PSR1"/> -->
 <!-- <rule ref="PSR2"/> -->
 <!-- <rule ref="PSR12"/> -->
 <!-- <rule ref="Squiz"/> -->
 <!-- <rule ref="Zend"/> -->
 <rule ref="PHPCompatibility"/>
 <rule ref="WordPress"/>
 <rule ref="WordPress-Core"/>
 <rule ref="WordPress-Docs"/>
 <rule ref="WordPress-Extra"/>

 <!-- <rule ref="Generic.Files.LineLength">
  <properties>
   <property name="lineLimit" value="120"/>
   <property name="absoluteLineLimit" value="0"/>
  </properties>
 </rule> -->
</ruleset>